operation,timestamp,time_diff,key_presses,mouse_activity,file_size,file_extension,entropy,cpu_usage,memory_usage,io_read_count,io_write_count,shadow_copy_count,restore_point_count,registry_edits,firewall_disabled,defender_disabled,task_manager_disabled,sequential_operations,operation_sequence_length
deleted,2025-01-24 11:37:54,0,2,538,0,.encrypted,0.0,0.042,0.706,272.0,508.0,0,0,7,False,False,False,0,1
deleted,2025-01-24 11:37:54,0,2,538,0,.encrypted,0.0,0.16,0.706,240.0,184.0,1,1,7,False,False,False,0,1
encrypted,2025-01-24 11:37:57,3.227,8,97,5.101818134227409,.encrypted,7.978,0.7929999999999999,0.706,220.0,512.0,0,0,7,False,False,False,0,2
encrypted,2025-01-24 11:37:57,3.227,8,97,5.101818134227409,.encrypted,7.978,0.292,0.713,220.0,512.0,1,1,7,False,False,False,0,2
deleted,2025-01-24 11:38:00,2.147,4,33,0,.encrypted,0.0,0.31,0.7120000000000001,64.0,276.0,1,1,7,False,False,False,0,3
deleted,2025-01-24 11:38:00,0.014,0,0,0,.encrypted,0.0,0.31,0.7120000000000001,64.0,276.0,1,1,7,False,False,False,0,4
deleted,2025-01-24 11:38:00,0.0,0,0,0,.encrypted,0.0,0.31,0.7120000000000001,64.0,276.0,1,1,7,False,False,False,0,5
deleted,2025-01-24 11:38:00,2.145,4,33,0,.encrypted,0.0,0.52,0.708,368.5,372.0,0,0,7,False,False,False,0,3
deleted,2025-01-24 11:38:00,0.022,0,0,0,.encrypted,0.0,0.52,0.708,368.5,372.0,0,0,7,False,False,False,0,4
deleted,2025-01-24 11:38:00,0.0,0,0,0,.encrypted,0.0,0.52,0.708,368.5,372.0,0,0,7,False,False,False,0,5
created,2025-01-24 11:38:06,5.892,11,92,4.5915597458278015,.encrypted,7.98,0.36,0.708,0,4.0,0,0,7,False,False,False,0,6
modified,2025-01-24 11:38:06,0.028,0,0,4.5915597458278015,.encrypted,7.98,0.36,0.708,0,4.0,0,0,7,False,False,False,0,7
created,2025-01-24 11:38:06,5.9,11,92,4.5915597458278015,.encrypted,7.98,0.185,0.7070000000000001,0,12.0,1,1,7,False,False,False,0,6
modified,2025-01-24 11:38:06,0.05,0,0,4.5915597458278015,.encrypted,7.98,0.185,0.7070000000000001,0,12.0,1,1,7,False,False,False,0,7
created,2025-01-24 11:38:06,0.214,2,0,4.5915597458278015,.encrypted,7.98,0.36,0.708,0,4.0,0,0,7,False,False,False,0,8
created,2025-01-24 11:38:06,0.19,2,0,4.5915597458278015,.encrypted,7.98,0.185,0.7070000000000001,0,12.0,1,1,7,False,False,False,0,8
modified,2025-01-24 11:38:06,0.017,0,0,4.5915597458278015,.encrypted,7.98,0.36,0.708,0,4.0,0,0,7,False,False,False,0,9
modified,2025-01-24 11:38:06,0.019,0,0,4.5915597458278015,.encrypted,7.98,0.185,0.7070000000000001,0,12.0,1,1,7,False,False,False,0,9
modified,2025-01-24 11:38:08,2.614,2,67,2.321928094887362,,0.0,0.5,0.713,16.0,184.0,0,0,7,False,False,False,0,10
modified,2025-01-24 11:38:08,2.612,2,67,2.321928094887362,,0.0,0.308,0.713,128.0,392.0,1,1,7,False,False,False,0,10
deleted,2025-01-24 11:38:08,0.028,0,0,0,,0.0,0.5,0.713,16.0,184.0,0,0,7,False,False,False,0,11
deleted,2025-01-24 11:38:08,0.028,0,0,0,,0.0,0.308,0.713,128.0,392.0,1,1,7,False,False,False,0,11
created,2025-01-24 11:38:18,9.681,7,463,0,.zip,0.0,0.5,0.7170000000000001,220.0,336.0,0,0,7,False,False,False,0,12
created,2025-01-24 11:38:18,9.681,7,463,0,.zip,0.0,0.667,0.718,220.0,336.0,1,1,7,False,False,False,0,12
modified,2025-01-24 11:38:18,0.041,0,0,5.065227622775619,.encrypted,7.975,0.5,0.7170000000000001,220.0,336.0,0,0,7,False,False,False,0,13
modified,2025-01-24 11:38:18,0.039,0,0,1.3045110418099528,.encrypted,7.866,0.5,0.7170000000000001,220.0,336.0,0,0,7,False,False,False,0,14
modified,2025-01-24 11:38:18,0.012,0,0,4.3298411765306275,.encrypted,7.978,0.5,0.7170000000000001,220.0,336.0,0,0,7,False,False,False,0,15
modified,2025-01-24 11:38:18,0.025,0,0,3.527320607877047,.encrypted,7.977,0.5,0.7170000000000001,220.0,336.0,0,0,7,False,False,False,0,16
modified,2025-01-24 11:38:18,0.022,0,0,10.173439790323979,.zip,7.974,0.5,0.7170000000000001,220.0,336.0,0,0,7,False,False,False,0,17
modified,2025-01-24 11:38:18,0.02,0,0,3.475084882948783,.encrypted,7.979,0.5,0.7170000000000001,220.0,336.0,0,0,7,False,False,False,0,18
modified,2025-01-24 11:38:18,0.021,0,0,3.4982508675278257,.encrypted,7.978,0.5,0.7170000000000001,220.0,336.0,0,0,7,False,False,False,0,19
modified,2025-01-24 11:38:18,0.026,0,0,10.062019145979859,.encrypted,7.977,0.5,0.7170000000000001,220.0,336.0,0,0,7,False,False,False,0,0
modified,2025-01-24 11:38:18,0.037,0,0,4.3298411765306275,.encrypted,7.978,0.5,0.7170000000000001,220.0,336.0,0,0,7,False,False,False,1,1
modified,2025-01-24 11:38:18,0.041,0,0,5.065227622775619,.encrypted,7.975,0.667,0.718,220.0,336.0,1,1,7,False,False,False,0,13
modified,2025-01-24 11:38:18,0.232,0,0,1.3045110418099528,.encrypted,7.866,0.667,0.718,220.0,336.0,1,1,7,False,False,False,0,14
modified,2025-01-24 11:38:18,0.01,0,0,4.3298411765306275,.encrypted,7.978,0.667,0.718,220.0,336.0,1,1,7,False,False,False,0,15
modified,2025-01-24 11:38:18,0.002,0,0,3.527320607877047,.encrypted,7.977,0.667,0.718,220.0,336.0,1,1,7,False,False,False,0,16
modified,2025-01-24 11:38:18,0.002,0,0,10.173439790323979,.zip,7.974,0.667,0.718,220.0,336.0,1,1,7,False,False,False,0,17
modified,2025-01-24 11:38:18,0.002,0,0,3.475084882948783,.encrypted,7.979,0.667,0.718,220.0,336.0,1,1,7,False,False,False,0,18
modified,2025-01-24 11:38:18,0.002,0,0,3.4982508675278257,.encrypted,7.978,0.667,0.718,220.0,336.0,1,1,7,False,False,False,0,19
modified,2025-01-24 11:38:18,0.002,0,0,10.062019145979859,.encrypted,7.977,0.667,0.718,220.0,336.0,1,1,7,False,False,False,0,0
modified,2025-01-24 11:38:18,0.004,0,0,4.3298411765306275,.encrypted,7.978,0.667,0.718,220.0,336.0,1,1,7,False,False,False,1,1
modified,2025-01-24 11:38:20,1.485,1,54,10.173439790323979,.zip,7.974,0.536,0.721,1749.5,1952.0,0,0,7,False,False,False,0,2
modified,2025-01-24 11:38:20,1.429,1,54,10.173439790323979,.zip,7.974,0.308,0.722,1749.5,1952.0,1,1,7,False,False,False,0,2
created,2025-01-24 11:38:59,39.641,5,1284,4.144862142915734,.txt,5.995,0.72,0.7170000000000001,64.0,2724.0,0,0,11,True,True,True,0,3
modified,2025-01-24 11:38:59,0.018,0,0,4.144862142915734,.txt,5.995,0.72,0.7170000000000001,64.0,2724.0,0,0,11,True,True,True,0,4
created,2025-01-24 11:38:59,39.641,12,1310,4.144862142915734,.txt,5.995,0.259,0.723,64.0,2720.0,0,0,11,True,True,True,0,3
modified,2025-01-24 11:38:59,0.022,0,0,4.144862142915734,.txt,5.995,0.259,0.723,64.0,2720.0,0,0,11,True,True,True,0,4
encrypted,2025-01-24 11:39:00,0.772,0,0,4.5915597458278015,.encrypted,7.98,0.414,0.722,176.0,184.0,0,0,11,True,True,True,0,5
encrypted,2025-01-24 11:39:00,0.777,0,0,4.5915597458278015,.encrypted,7.98,0.4,0.723,456.5,184.0,0,0,11,True,True,True,0,5
modified,2025-01-24 11:39:00,0.005,0,0,4.5915597458278015,.encrypted,7.98,0.414,0.722,176.0,184.0,0,0,11,True,True,True,0,6
modified,2025-01-24 11:39:00,0.007,0,0,4.5915597458278015,.encrypted,7.98,0.4,0.723,456.5,184.0,0,0,11,True,True,True,0,6
created,2025-01-24 11:39:02,1.234,0,0,0,.txt,0.0,0.556,0.72,280.5,4.0,0,0,11,True,True,True,0,7
created,2025-01-24 11:39:02,1.232,0,0,0,.txt,0.0,0.292,0.726,48.0,376.0,0,0,11,True,True,True,0,7
modified,2025-01-24 11:39:02,0.008,0,0,5.125981653854716,.txt,5.993,0.292,0.726,48.0,376.0,0,0,11,True,True,True,0,8
modified,2025-01-24 11:39:02,0.008,0,0,5.125981653854716,.txt,5.993,0.556,0.72,280.5,4.0,0,0,11,True,True,True,0,8
created,2025-01-24 11:39:03,1.473,0,0,0,,0.0,0.4,0.7190000000000001,232.0,720.0,0,0,11,True,True,True,0,9
created,2025-01-24 11:39:03,0.002,0,0,0,.txt,0.0,0.4,0.7190000000000001,232.0,720.0,0,0,11,True,True,True,0,10
created,2025-01-24 11:39:03,1.473,0,0,0,,0.0,0.34600000000000003,0.713,184.0,428.0,0,0,11,True,True,True,0,9
created,2025-01-24 11:39:03,0.004,0,0,0,.txt,0.0,0.34600000000000003,0.713,184.0,428.0,0,0,11,True,True,True,0,10
modified,2025-01-24 11:39:03,0.0,0,0,3.177917792195843,.txt,5.994,0.34600000000000003,0.713,184.0,428.0,0,0,11,True,True,True,0,11
modified,2025-01-24 11:39:03,0.002,0,0,3.177917792195843,.txt,5.994,0.4,0.7190000000000001,232.0,720.0,0,0,11,True,True,True,0,11
modified,2025-01-24 11:39:03,0.018,0,0,4.823749360308272,.txt,5.994,0.34600000000000003,0.713,184.0,428.0,0,0,11,True,True,True,1,12
modified,2025-01-24 11:39:03,0.003,0,0,0,,0.0,0.34600000000000003,0.713,184.0,428.0,0,0,11,True,True,True,1,13
modified,2025-01-24 11:39:03,0.02,0,0,4.823749360308272,.txt,5.994,0.4,0.7190000000000001,232.0,720.0,0,0,11,True,True,True,1,12
modified,2025-01-24 11:39:03,0.003,0,0,0,,0.0,0.4,0.7190000000000001,232.0,720.0,0,0,11,True,True,True,1,13
modified,2025-01-24 11:39:03,0.002,0,0,4.823749360308272,.txt,5.994,0.34600000000000003,0.713,184.0,428.0,0,0,11,True,True,True,2,14
modified,2025-01-24 11:39:03,0.001,0,0,4.823749360308272,.txt,5.994,0.4,0.7190000000000001,232.0,720.0,0,0,11,True,True,True,2,14
created,2025-01-24 11:39:03,0.004,0,0,0,.encrypted,7.975,0.34600000000000003,0.713,184.0,428.0,0,0,11,True,True,True,2,15
created,2025-01-24 11:39:03,0.003,0,0,0,.encrypted,7.975,0.4,0.7190000000000001,232.0,720.0,0,0,11,True,True,True,2,15
modified,2025-01-24 11:39:03,0.004,0,0,4.826802684285827,.encrypted,7.975,0.34600000000000003,0.713,184.0,428.0,0,0,11,True,True,True,2,16
modified,2025-01-24 11:39:03,0.004,0,0,4.826802684285827,.encrypted,7.975,0.4,0.7190000000000001,232.0,720.0,0,0,11,True,True,True,2,16
deleted,2025-01-24 11:39:03,0.003,0,0,0,.txt,0.0,0.34600000000000003,0.713,184.0,428.0,0,0,11,True,True,True,2,17
deleted,2025-01-24 11:39:03,0.003,0,0,0,.txt,0.0,0.4,0.7190000000000001,232.0,720.0,0,0,11,True,True,True,2,17
modified,2025-01-24 11:39:03,0.044,0,0,0,,0.0,0.34600000000000003,0.713,184.0,428.0,0,0,11,True,True,True,3,18
modified,2025-01-24 11:39:03,0.044,0,0,0,,0.0,0.759,0.716,244.0,84.0,0,0,11,True,True,True,3,18
created,2025-01-24 11:39:04,0.733,0,0,5.068240861312821,.encrypted,7.977,0.34600000000000003,0.713,184.0,428.0,0,0,11,True,True,True,3,19
created,2025-01-24 11:39:04,0.733,0,0,5.068240861312821,.encrypted,7.977,0.759,0.716,244.0,84.0,0,0,11,True,True,True,3,19
modified,2025-01-24 11:39:04,0.01,0,0,5.068240861312821,.encrypted,7.977,0.34600000000000003,0.713,184.0,428.0,0,0,11,True,True,True,3,0
deleted,2025-01-24 11:39:04,0.002,0,0,0,.encrypted,0.0,0.34600000000000003,0.713,184.0,428.0,0,0,11,True,True,True,3,1
modified,2025-01-24 11:39:04,0.01,0,0,5.068240861312821,.encrypted,7.977,0.759,0.716,244.0,84.0,0,0,11,True,True,True,3,0
deleted,2025-01-24 11:39:04,0.004,0,0,0,.encrypted,0.0,0.759,0.716,244.0,84.0,0,0,11,True,True,True,3,1
modified,2025-01-24 11:39:05,1.525,0,0,5.101818134227409,.encrypted,7.978,0.33299999999999996,0.7170000000000001,0,172.0,0,0,11,True,True,True,3,2
modified,2025-01-24 11:39:05,0.002,0,0,5.101818134227409,.encrypted,7.978,0.33299999999999996,0.7170000000000001,0,172.0,0,0,11,True,True,True,4,3
modified,2025-01-24 11:39:05,1.527,0,0,5.101818134227409,.encrypted,7.978,0.41700000000000004,0.718,244.0,304.0,0,0,11,True,True,True,3,2
modified,2025-01-24 11:39:05,0.006,0,0,5.101818134227409,.encrypted,7.978,0.41700000000000004,0.718,244.0,304.0,0,0,11,True,True,True,4,3
encrypted,2025-01-24 11:39:07,1.245,0,0,4.8811751553492755,.encrypted,7.975,0.37,0.72,0,172.0,0,0,11,True,True,True,4,4
encrypted,2025-01-24 11:39:07,1.249,0,0,4.8811751553492755,.encrypted,7.975,0.318,0.73,48.0,168.0,0,0,11,True,True,True,4,4
created,2025-01-24 11:39:08,0.955,0,0,4.595145567990858,.encrypted,7.978,0.25,0.73,64.0,0,0,0,11,True,True,True,4,5
created,2025-01-24 11:39:08,0.955,0,0,4.595145567990858,.encrypted,7.978,0.48,0.723,112.0,168.0,0,0,11,True,True,True,4,5
modified,2025-01-24 11:39:08,0.015,0,0,4.595145567990858,.encrypted,7.978,0.48,0.723,112.0,168.0,0,0,11,True,True,True,4,6
modified,2025-01-24 11:39:08,0.015,0,0,4.595145567990858,.encrypted,7.978,0.25,0.73,64.0,0,0,0,11,True,True,True,4,6
deleted,2025-01-24 11:39:08,0.003,0,0,0,.encrypted,0.0,0.48,0.723,112.0,168.0,0,0,11,True,True,True,4,7
deleted,2025-01-24 11:39:08,0.003,0,0,0,.encrypted,0.0,0.25,0.73,64.0,0,0,0,11,True,True,True,4,7
modified,2025-01-24 11:39:08,0.813,0,0,4.595145567990858,.encrypted,7.978,0.25,0.73,64.0,0,0,0,11,True,True,True,5,8
modified,2025-01-24 11:39:08,0.813,0,0,4.595145567990858,.encrypted,7.978,0.75,0.725,128.0,336.0,0,0,11,True,True,True,5,8
modified,2025-01-24 11:39:08,0.004,0,0,4.595145567990858,.encrypted,7.978,0.75,0.725,128.0,336.0,0,0,11,True,True,True,6,9
modified,2025-01-24 11:39:08,0.004,0,0,4.595145567990858,.encrypted,7.978,0.25,0.73,64.0,0,0,0,11,True,True,True,6,9
created,2025-01-24 11:39:09,0.96,0,0,0,.txt,0.0,0.37,0.7240000000000001,0,132.0,0,0,11,True,True,True,6,10
created,2025-01-24 11:39:09,0.96,0,0,0,.txt,0.0,0.423,0.73,128.0,336.0,0,0,11,True,True,True,6,10
modified,2025-01-24 11:39:09,0.004,0,0,3.4594316186372973,.txt,5.993,0.37,0.7240000000000001,0,132.0,0,0,11,True,True,True,6,11
modified,2025-01-24 11:39:09,0.004,0,0,3.4594316186372973,.txt,5.993,0.423,0.73,128.0,336.0,0,0,11,True,True,True,6,11
created,2025-01-24 11:39:11,1.48,0,0,0,.zip,0.0,0.41700000000000004,0.727,344.0,364.0,0,0,11,True,True,True,6,12
created,2025-01-24 11:39:11,1.48,0,0,0,.zip,7.975,0.71,0.723,88.0,368.0,0,0,11,True,True,True,6,12
modified,2025-01-24 11:39:11,0.003,0,0,4.0925457415435655,.zip,7.975,0.41700000000000004,0.727,344.0,364.0,0,0,11,True,True,True,6,13
modified,2025-01-24 11:39:11,0.015,0,0,4.833902076669164,.zip,7.975,0.71,0.723,88.0,368.0,0,0,11,True,True,True,6,13
modified,2025-01-24 11:39:11,0.02,0,0,4.833902076669164,.zip,7.975,0.41700000000000004,0.727,344.0,364.0,0,0,11,True,True,True,7,14
deleted,2025-01-24 11:39:11,0.003,0,0,0,.encrypted,0.0,0.41700000000000004,0.727,344.0,364.0,0,0,11,True,True,True,7,15
deleted,2025-01-24 11:39:11,0.001,0,0,0,,0.0,0.41700000000000004,0.727,344.0,364.0,0,0,11,True,True,True,7,16
deleted,2025-01-24 11:39:11,0.011,0,0,0,.encrypted,0.0,0.71,0.723,88.0,368.0,0,0,11,True,True,True,6,14
modified,2025-01-24 11:39:11,0.002,0,0,4.833902076669164,.zip,7.975,0.41700000000000004,0.727,344.0,364.0,0,0,11,True,True,True,8,17
deleted,2025-01-24 11:39:11,0.005,0,0,0,,0.0,0.71,0.723,88.0,368.0,0,0,11,True,True,True,6,15
modified,2025-01-24 11:39:11,0.002,0,0,4.833902076669164,.zip,7.975,0.71,0.723,88.0,368.0,0,0,11,True,True,True,7,16
created,2025-01-24 11:39:13,1.753,0,0,3.465974464504069,.encrypted,7.974,0.321,0.721,0,384.0,0,0,11,True,True,True,7,17
created,2025-01-24 11:39:13,1.757,0,0,3.465974464504069,.encrypted,7.974,0.28,0.72,0,176.0,0,0,11,True,True,True,8,18
modified,2025-01-24 11:39:13,0.011,0,0,3.465974464504069,.encrypted,7.974,0.28,0.72,0,176.0,0,0,11,True,True,True,8,19
modified,2025-01-24 11:39:13,0.011,0,0,3.465974464504069,.encrypted,7.974,0.321,0.721,0,384.0,0,0,11,True,True,True,7,18
deleted,2025-01-24 11:39:13,0.005,0,0,0,.txt,0.0,0.28,0.72,0,176.0,0,0,11,True,True,True,8,0
deleted,2025-01-24 11:39:13,0.005,0,0,0,.txt,0.0,0.321,0.721,0,384.0,0,0,11,True,True,True,7,19
created,2025-01-24 11:39:14,1.343,0,0,0,,0.0,0.368,0.721,64.0,0,0,0,11,True,True,True,7,0
True,True,8,1
created,2025-01-24 11:39:14,0.004,0,0,0,.txt,0.0,0.0,0.7190000000000001,64.0,212.0,0,0,11,True,True,True,8,2
created,2025-01-24 11:39:14,0.004,0,0,0,.txt,0.0,0.368,0.721,64.0,0,0,0,11,True,True,True,7,1
modified,2025-01-24 11:39:14,0.002,0,0,3.8806855252611245,.txt,5.994,0.368,0.721,64.0,0,0,0,11,True,True,True,7,2
True,True,8,3
modified,2025-01-24 11:39:15,0.657,0,0,0,,0.0,0.39299999999999996,0.72,184.0,256.0,0,0,11,True,True,True,8,4
modified,2025-01-24 11:39:15,0.657,0,0,0,,0.0,0.107,0.72,184.0,256.0,0,0,11,True,True,True,7,3
created,2025-01-24 11:39:16,0.933,0,0,3.7845039829295666,.encrypted,7.98,0.5379999999999999,0.732,48.0,180.0,0,0,11,True,True,True,7,4
created,2025-01-24 11:39:16,0.933,0,0,3.7845039829295666,.encrypted,7.98,0.375,0.7240000000000001,48.0,180.0,0,0,11,True,True,True,8,5
modified,2025-01-24 11:39:16,0.012,0,0,3.7845039829295666,.encrypted,7.98,0.375,0.7240000000000001,48.0,180.0,0,0,11,True,True,True,8,6
deleted,2025-01-24 11:39:16,0.002,0,0,0,.encrypted,0.0,0.375,0.7240000000000001,48.0,180.0,0,0,11,True,True,True,8,7
modified,2025-01-24 11:39:16,0.012,0,0,3.7845039829295666,.encrypted,7.98,0.5379999999999999,0.732,48.0,180.0,0,0,11,True,True,True,7,5
deleted,2025-01-24 11:39:16,0.005,0,0,0,.encrypted,0.0,0.5379999999999999,0.732,48.0,180.0,0,0,11,True,True,True,7,6
created,2025-01-24 11:39:18,2.539,0,0,0,.txt,0.0,0.273,0.73,0,236.0,0,0,11,True,True,True,8,8
created,2025-01-24 11:39:18,2.536,0,0,0,.txt,0.0,0.44,0.728,0,168.0,0,0,11,True,True,True,7,7
modified,2025-01-24 11:39:18,0.005,0,0,3.765534746362977,.txt,5.994,0.44,0.728,0,168.0,0,0,11,True,True,True,7,8
modified,2025-01-24 11:39:18,0.005,0,0,3.765534746362977,.txt,5.994,0.273,0.73,0,236.0,0,0,11,True,True,True,8,9
created,2025-01-24 11:39:19,0.876,0,0,3.771885578515366,.encrypted,7.979,0.8,0.7240000000000001,176.0,1180.0,0,0,11,True,True,True,7,9
created,2025-01-24 11:39:19,0.876,0,0,3.771885578515366,.encrypted,7.979,0.273,0.73,0,236.0,0,0,11,True,True,True,8,10
modified,2025-01-24 11:39:19,0.01,0,0,3.771885578515366,.encrypted,7.979,0.8,0.7240000000000001,176.0,1180.0,0,0,11,True,True,True,7,10
modified,2025-01-24 11:39:19,0.01,0,0,3.771885578515366,.encrypted,7.979,0.273,0.73,0,236.0,0,0,11,True,True,True,8,11
deleted,2025-01-24 11:39:19,0.003,0,0,0,.txt,0.0,0.8,0.7240000000000001,176.0,1180.0,0,0,11,True,True,True,7,11
deleted,2025-01-24 11:39:19,0.004,0,0,0,.txt,0.0,0.273,0.73,0,236.0,0,0,11,True,True,True,8,12
created,2025-01-24 11:39:19,0.001,0,0,4.149747119504682,.encrypted,7.977,0.273,0.73,0,236.0,0,0,11,True,True,True,8,13
created,2025-01-24 11:39:19,0.001,0,0,4.149747119504682,.encrypted,7.977,0.8,0.7240000000000001,176.0,1180.0,0,0,11,True,True,True,7,12
modified,2025-01-24 11:39:19,0.006,0,0,4.149747119504682,.encrypted,7.977,0.273,0.73,0,236.0,0,0,11,True,True,True,8,14
modified,2025-01-24 11:39:19,0.008,0,0,4.149747119504682,.encrypted,7.977,0.8,0.7240000000000001,176.0,1180.0,0,0,11,True,True,True,7,13
deleted,2025-01-24 11:39:19,0.003,0,0,0,.txt,0.0,0.273,0.73,0,236.0,0,0,11,True,True,True,8,15
deleted,2025-01-24 11:39:19,0.004,0,0,0,.txt,0.0,0.8,0.7240000000000001,176.0,1180.0,0,0,11,True,True,True,7,14
created,2025-01-24 11:39:19,0.006,0,0,0,.encrypted,7.974,0.273,0.73,0,236.0,0,0,11,True,True,True,8,16
created,2025-01-24 11:39:19,0.004,0,0,0,.encrypted,7.974,0.8,0.7240000000000001,176.0,1180.0,0,0,11,True,True,True,7,15
modified,2025-01-24 11:39:19,0.003,0,0,5.128458384146928,.encrypted,7.974,0.273,0.73,0,236.0,0,0,11,True,True,True,8,17
modified,2025-01-24 11:39:19,0.003,0,0,5.128458384146928,.encrypted,7.974,0.8,0.7240000000000001,176.0,1180.0,0,0,11,True,True,True,7,16
deleted,2025-01-24 11:39:19,0.003,0,0,0,.txt,0.0,0.273,0.73,0,236.0,0,0,11,True,True,True,8,18
deleted,2025-01-24 11:39:19,0.004,0,0,0,.txt,0.0,0.8,0.7240000000000001,176.0,1180.0,0,0,11,True,True,True,7,17
created,2025-01-24 11:39:19,0.006,0,0,0,.encrypted,7.977,0.273,0.73,0,236.0,0,0,11,True,True,True,8,19
created,2025-01-24 11:39:19,0.005,0,0,0,.encrypted,7.977,0.8,0.7240000000000001,176.0,1180.0,0,0,11,True,True,True,7,18
modified,2025-01-24 11:39:19,0.003,0,0,10.173527238122508,.encrypted,7.977,0.273,0.73,0,236.0,0,0,11,True,True,True,8,0
modified,2025-01-24 11:39:19,0.004,0,0,10.173527238122508,.encrypted,7.977,0.8,0.7240000000000001,176.0,1180.0,0,0,11,True,True,True,7,19
deleted,2025-01-24 11:39:19,0.004,0,0,0,.zip,0.0,0.273,0.73,0,236.0,0,0,11,True,True,True,8,1
deleted,2025-01-24 11:39:19,0.004,0,0,0,.zip,0.0,0.8,0.7240000000000001,176.0,1180.0,0,0,11,True,True,True,7,0
created,2025-01-24 11:39:19,0.002,0,0,3.885574364371426,.encrypted,7.979,0.8,0.7240000000000001,176.0,1180.0,0,0,11,True,True,True,7,1
created,2025-01-24 11:39:19,0.002,0,0,3.885574364371426,.encrypted,7.979,0.273,0.73,0,236.0,0,0,11,True,True,True,8,2
modified,2025-01-24 11:39:19,0.008,0,0,3.885574364371426,.encrypted,7.979,0.8,0.7240000000000001,176.0,1180.0,0,0,11,True,True,True,7,2
modified,2025-01-24 11:39:19,0.009,0,0,3.885574364371426,.encrypted,7.979,0.273,0.73,0,236.0,0,0,11,True,True,True,8,3
deleted,2025-01-24 11:39:19,0.002,0,0,0,.txt,0.0,0.8,0.7240000000000001,176.0,1180.0,0,0,11,True,True,True,7,3
deleted,2025-01-24 11:39:19,0.002,0,0,0,.txt,0.0,0.273,0.73,0,236.0,0,0,11,True,True,True,8,4
modified,2025-01-24 11:39:19,0.083,0,0,0,,0.0,0.273,0.73,0,236.0,0,0,11,True,True,True,0,5
modified,2025-01-24 11:39:19,0.083,0,0,0,,0.0,0.8,0.7240000000000001,176.0,1180.0,0,0,11,True,True,True,0,4
modified,2025-01-24 11:39:20,0.633,0,0,3.7845039829295666,.encrypted,7.98,0.348,0.723,48.0,236.0,0,0,11,True,True,True,0,5
modified,2025-01-24 11:39:20,0.006,0,0,3.7845039829295666,.encrypted,7.98,0.348,0.723,48.0,236.0,0,0,11,True,True,True,1,6
modified,2025-01-24 11:39:20,0.633,0,0,3.7845039829295666,.encrypted,7.98,0.536,0.721,224.0,1344.0,0,0,11,True,True,True,0,6
modified,2025-01-24 11:39:20,0.016,0,0,3.7845039829295666,.encrypted,7.98,0.536,0.721,224.0,1344.0,0,0,11,True,True,True,1,7
created,2025-01-24 11:39:22,1.948,0,0,4.334139178838237,.encrypted,7.975,0.207,0.726,0,1012.0,0,0,11,True,True,True,1,7
modified,2025-01-24 11:39:22,0.011,0,0,4.334139178838237,.encrypted,7.975,0.292,0.726,0,1012.0,0,0,11,True,True,True,1,9
modified,2025-01-24 11:39:22,0.011,0,0,4.334139178838237,.encrypted,7.975,0.207,0.726,0,1012.0,0,0,11,True,True,True,1,8
deleted,2025-01-24 11:39:22,0.004,0,0,0,.encrypted,0.0,0.292,0.726,0,1012.0,0,0,11,True,True,True,1,10
deleted,2025-01-24 11:39:22,0.004,0,0,0,.encrypted,0.0,0.207,0.726,0,1012.0,0,0,11,True,True,True,1,9
created,2025-01-24 11:39:25,3.428,0,0,0,,0.0,0.8079999999999999,0.73,0,180.0,0,0,11,True,True,True,1,11
created,2025-01-24 11:39:25,0.003,0,0,0,.txt,0.0,0.8079999999999999,0.73,0,180.0,0,0,11,True,True,True,1,12
created,2025-01-24 11:39:25,3.428,0,0,0,,0.0,0.28,0.735,0,180.0,0,0,11,True,True,True,1,10
created,2025-01-24 11:39:25,0.005,0,0,0,.txt,0.0,0.28,0.735,0,180.0,0,0,11,True,True,True,1,11
modified,2025-01-24 11:39:25,0.002,0,0,3.382667252745041,.txt,5.995,0.28,0.735,0,180.0,0,0,11,True,True,True,1,12
modified,2025-01-24 11:39:25,0.004,0,0,3.382667252745041,.txt,5.995,0.8079999999999999,0.73,0,180.0,0,0,11,True,True,True,1,13
modified,2025-01-24 11:39:25,0.136,0,0,0,,0.0,0.8079999999999999,0.73,0,180.0,0,0,11,True,True,True,1,14
modified,2025-01-24 11:39:25,0.136,0,0,0,,0.0,0.28,0.735,0,180.0,0,0,11,True,True,True,1,13
created,2025-01-24 11:39:26,0.401,0,0,0,,0.0,0.44,0.73,931.5,0,0,0,11,True,True,True,1,15
created,2025-01-24 11:39:26,0.006,0,0,0,.txt,0.0,0.44,0.73,931.5,0,0,0,11,True,True,True,1,16
modified,2025-01-24 11:39:26,0.005,0,0,3.2203299548795554,.txt,5.992,0.44,0.73,931.5,0,0,0,11,True,True,True,1,17
created,2025-01-24 11:39:26,0.401,0,0,0,,0.0,0.28,0.735,0,180.0,0,0,11,True,True,True,1,14
modified,2025-01-24 11:39:26,0.018,0,0,0,,0.0,0.44,0.73,931.5,0,0,0,11,True,True,True,1,18
created,2025-01-24 11:39:26,0.001,0,0,0,.txt,0.0,0.44,0.73,931.5,0,0,0,11,True,True,True,1,19
created,2025-01-24 11:39:26,0.028,0,0,3.2203299548795554,.txt,5.992,0.28,0.735,0,180.0,0,0,11,True,True,True,1,15
modified,2025-01-24 11:39:26,0.006,0,0,3.2203299548795554,.txt,5.992,0.28,0.735,0,180.0,0,0,11,True,True,True,1,16
modified,2025-01-24 11:39:26,0.003,0,0,0,,0.0,0.28,0.735,0,180.0,0,0,11,True,True,True,1,17
created,2025-01-24 11:39:26,0.001,0,0,4.0925457415435655,.txt,5.994,0.28,0.735,0,180.0,0,0,11,True,True,True,1,18
modified,2025-01-24 11:39:26,0.011,0,0,4.88508622529017,.txt,5.994,0.44,0.73,931.5,0,0,0,11,True,True,True,1,0
modified,2025-01-24 11:39:26,0.017,0,0,2.321928094887362,,0.0,0.44,0.73,931.5,0,0,0,11,True,True,True,2,1
modified,2025-01-24 11:39:26,0.017,0,0,4.88508622529017,.txt,5.994,0.28,0.735,0,180.0,0,0,11,True,True,True,1,19
created,2025-01-24 11:39:26,0.002,0,0,4.19377174339668,.txt,5.995,0.44,0.73,931.5,0,0,0,11,True,True,True,2,2
modified,2025-01-24 11:39:26,0.006,0,0,2.321928094887362,,0.0,0.28,0.735,0,180.0,0,0,11,True,True,True,2,0
modified,2025-01-24 11:39:26,0.013,0,0,4.19377174339668,.txt,5.995,0.44,0.73,931.5,0,0,0,11,True,True,True,2,3
modified,2025-01-24 11:39:26,0.004,0,0,2.321928094887362,,0.0,0.44,0.73,931.5,0,0,0,11,True,True,True,3,4
created,2025-01-24 11:39:26,0.015,0,0,4.19377174339668,.txt,5.995,0.28,0.735,0,180.0,0,0,11,True,True,True,2,1
modified,2025-01-24 11:39:26,0.004,0,0,4.19377174339668,.txt,5.995,0.28,0.735,0,180.0,0,0,11,True,True,True,2,2
modified,2025-01-24 11:39:26,0.003,0,0,2.321928094887362,,0.0,0.28,0.735,0,180.0,0,0,11,True,True,True,3,3
created,2025-01-24 11:39:26,0.001,0,0,3.221877081077034,.txt,5.994,0.28,0.735,0,180.0,0,0,11,True,True,True,3,4
created,2025-01-24 11:39:26,0.002,0,0,3.221877081077034,.txt,5.994,0.44,0.73,931.5,0,0,0,11,True,True,True,3,5
modified,2025-01-24 11:39:26,0.01,0,0,3.221877081077034,.txt,5.994,0.44,0.73,931.5,0,0,0,11,True,True,True,3,6
modified,2025-01-24 11:39:26,0.002,0,0,2.321928094887362,,0.0,0.44,0.73,931.5,0,0,0,11,True,True,True,4,7
modified,2025-01-24 11:39:26,0.004,0,0,3.221877081077034,.txt,5.994,0.28,0.735,0,180.0,0,0,11,True,True,True,3,5
modified,2025-01-24 11:39:26,0.007,0,0,2.321928094887362,,0.0,0.28,0.735,0,180.0,0,0,11,True,True,True,4,6
created,2025-01-24 11:39:26,0.003,0,0,4.809414444235898,.txt,5.993,0.28,0.735,0,180.0,0,0,11,True,True,True,4,7
created,2025-01-24 11:39:26,0.001,0,0,4.809414444235898,.txt,5.993,0.44,0.73,931.5,0,0,0,11,True,True,True,4,8
modified,2025-01-24 11:39:26,0.008,0,0,4.809414444235898,.txt,5.993,0.28,0.735,0,180.0,0,0,11,True,True,True,4,8
modified,2025-01-24 11:39:26,0.015,0,0,4.809414444235898,.txt,5.993,0.44,0.73,931.5,0,0,0,11,True,True,True,4,9
modified,2025-01-24 11:39:26,0.339,0,0,2.321928094887362,,0.0,0.607,0.7340000000000001,1875.5,376.0,0,0,11,True,True,True,5,9
modified,2025-01-24 11:39:26,0.336,0,0,2.321928094887362,,0.0,0.44,0.73,931.5,0,0,0,11,True,True,True,5,10
created,2025-01-24 11:39:26,0.212,0,0,3.229587922740652,.encrypted,7.975,0.44,0.73,931.5,0,0,0,11,True,True,True,5,11
modified,2025-01-24 11:39:26,0.011,0,0,3.229587922740652,.encrypted,7.975,0.44,0.73,931.5,0,0,0,11,True,True,True,5,12
deleted,2025-01-24 11:39:26,0.002,0,0,0,.txt,0.0,0.44,0.73,931.5,0,0,0,11,True,True,True,5,13
modified,2025-01-24 11:39:26,0.001,0,0,2.321928094887362,,0.0,0.44,0.73,931.5,0,0,0,11,True,True,True,6,14
created,2025-01-24 11:39:26,0.21,0,0,3.229587922740652,.encrypted,7.975,0.607,0.7340000000000001,1875.5,376.0,0,0,11,True,True,True,5,10
created,2025-01-24 11:39:26,0.002,0,0,4.198494153639083,.encrypted,7.978,0.44,0.73,931.5,0,0,0,11,True,True,True,6,15
modified,2025-01-24 11:39:26,0.009,0,0,4.198494153639083,.encrypted,7.978,0.44,0.73,931.5,0,0,0,11,True,True,True,6,16
deleted,2025-01-24 11:39:26,0.002,0,0,0,.txt,0.0,0.44,0.73,931.5,0,0,0,11,True,True,True,6,17
modified,2025-01-24 11:39:26,0.016,0,0,3.229587922740652,.encrypted,7.975,0.607,0.7340000000000001,1875.5,376.0,0,0,11,True,True,True,5,11
deleted,2025-01-24 11:39:26,0.017,0,0,0,.txt,0.0,0.607,0.7340000000000001,1875.5,376.0,0,0,11,True,True,True,5,12
modified,2025-01-24 11:39:26,0.006,0,0,2.321928094887362,,0.0,0.44,0.73,931.5,0,0,0,11,True,True,True,7,18
modified,2025-01-24 11:39:26,0.001,0,0,2.321928094887362,,0.0,0.607,0.7340000000000001,1875.5,376.0,0,0,11,True,True,True,6,13
created,2025-01-24 11:39:26,0.002,0,0,4.198494153639083,.encrypted,7.978,0.607,0.7340000000000001,1875.5,376.0,0,0,11,True,True,True,6,14
modified,2025-01-24 11:39:26,0.002,0,0,4.198494153639083,.encrypted,7.978,0.607,0.7340000000000001,1875.5,376.0,0,0,11,True,True,True,6,15
deleted,2025-01-24 11:39:26,0.002,0,0,0,.txt,0.0,0.607,0.7340000000000001,1875.5,376.0,0,0,11,True,True,True,6,16
modified,2025-01-24 11:39:26,0.0,0,0,2.321928094887362,,0.0,0.607,0.7340000000000001,1875.5,376.0,0,0,11,True,True,True,7,17
created,2025-01-24 11:39:26,0.009,0,0,0,.encrypted,0.0,0.44,0.73,931.5,0,0,0,11,True,True,True,7,19
created,2025-01-24 11:39:26,0.002,0,0,0,.encrypted,0.0,0.607,0.7340000000000001,1875.5,376.0,0,0,11,True,True,True,7,18
modified,2025-01-24 11:39:26,0.005,0,0,3.229587922740652,.encrypted,7.976,0.44,0.73,931.5,0,0,0,11,True,True,True,7,0
modified,2025-01-24 11:39:26,0.005,0,0,3.229587922740652,.encrypted,7.976,0.607,0.7340000000000001,1875.5,376.0,0,0,11,True,True,True,7,19
deleted,2025-01-24 11:39:26,0.008,0,0,0,.txt,0.0,0.44,0.73,931.5,0,0,0,11,True,True,True,7,1
deleted,2025-01-24 11:39:26,0.009,0,0,0,.txt,0.0,0.607,0.7340000000000001,1875.5,376.0,0,0,11,True,True,True,7,0
modified,2025-01-24 11:39:26,0.008,0,0,2.321928094887362,,0.0,0.44,0.73,931.5,0,0,0,11,True,True,True,8,2
modified,2025-01-24 11:39:26,0.007,0,0,2.321928094887362,,0.0,0.607,0.7340000000000001,1875.5,376.0,0,0,11,True,True,True,8,1
created,2025-01-24 11:39:26,0.003,0,0,4.811984719351674,.encrypted,7.978,0.44,0.73,931.5,0,0,0,11,True,True,True,8,3
created,2025-01-24 11:39:26,0.005,0,0,4.811984719351674,.encrypted,7.978,0.607,0.7340000000000001,1875.5,376.0,0,0,11,True,True,True,8,2
modified,2025-01-24 11:39:26,0.01,0,0,4.811984719351674,.encrypted,7.978,0.607,0.7340000000000001,1875.5,376.0,0,0,11,True,True,True,8,3
deleted,2025-01-24 11:39:26,0.005,0,0,0,.txt,0.0,0.607,0.7340000000000001,1875.5,376.0,0,0,11,True,True,True,8,4
modified,2025-01-24 11:39:26,0.001,0,0,2.321928094887362,,0.0,0.607,0.7340000000000001,1875.5,376.0,0,0,11,True,True,True,9,5
modified,2025-01-24 11:39:26,0.012,0,0,4.811984719351674,.encrypted,7.978,0.44,0.73,931.5,0,0,0,11,True,True,True,8,4
created,2025-01-24 11:39:26,0.001,0,0,4.887037791419197,.encrypted,7.975,0.607,0.7340000000000001,1875.5,376.0,0,0,11,True,True,True,9,6
modified,2025-01-24 11:39:26,0.009,0,0,4.887037791419197,.encrypted,7.975,0.607,0.7340000000000001,1875.5,376.0,0,0,11,True,True,True,9,7
deleted,2025-01-24 11:39:26,0.002,0,0,0,.txt,0.0,0.607,0.7340000000000001,1875.5,376.0,0,0,11,True,True,True,9,8
deleted,2025-01-24 11:39:26,0.013,0,0,0,.txt,0.0,0.44,0.73,931.5,0,0,0,11,True,True,True,8,5
modified,2025-01-24 11:39:26,0.012,0,0,2.321928094887362,,0.0,0.44,0.73,931.5,0,0,0,11,True,True,True,9,6
created,2025-01-24 11:39:26,0.001,0,0,3.389566811762726,.encrypted,7.977,0.607,0.7340000000000001,1875.5,376.0,0,0,11,True,True,True,9,9
modified,2025-01-24 11:39:26,0.01,0,0,3.389566811762726,.encrypted,7.977,0.607,0.7340000000000001,1875.5,376.0,0,0,11,True,True,True,9,10
deleted,2025-01-24 11:39:26,0.003,0,0,0,.txt,0.0,0.607,0.7340000000000001,1875.5,376.0,0,0,11,True,True,True,9,11
created,2025-01-24 11:39:26,0.004,0,0,4.887037791419197,.encrypted,7.975,0.44,0.73,931.5,0,0,0,11,True,True,True,9,7
modified,2025-01-24 11:39:26,0.005,0,0,4.887037791419197,.encrypted,7.975,0.44,0.73,931.5,0,0,0,11,True,True,True,9,8
deleted,2025-01-24 11:39:26,0.003,0,0,0,.txt,0.0,0.44,0.73,931.5,0,0,0,11,True,True,True,9,9
created,2025-01-24 11:39:26,0.003,0,0,3.389566811762726,.encrypted,7.977,0.44,0.73,931.5,0,0,0,11,True,True,True,9,10
modified,2025-01-24 11:39:27,0.005,0,0,3.389566811762726,.encrypted,7.977,0.44,0.73,931.5,0,0,0,11,True,True,True,9,11
deleted,2025-01-24 11:39:27,0.003,0,0,0,.txt,0.0,0.44,0.73,931.5,0,0,0,11,True,True,True,9,12
modified,2025-01-24 11:39:27,0.322,0,0,2.321928094887362,,0.0,0.44,0.73,931.5,0,0,0,11,True,True,True,10,13
modified,2025-01-24 11:39:27,0.338,0,0,2.321928094887362,,0.0,0.607,0.7340000000000001,1875.5,376.0,0,0,11,True,True,True,10,12
modified,2025-01-24 11:39:27,0.006,0,0,0,,0.0,0.44,0.73,931.5,0,0,0,11,True,True,True,0,14
modified,2025-01-24 11:39:27,0.006,0,0,0,,0.0,0.607,0.7340000000000001,1875.5,376.0,0,0,11,True,True,True,0,13
created,2025-01-24 11:39:28,1.175,0,0,0,.zip,0.0,0.833,0.733,236.0,1484.0,0,0,11,True,True,True,0,14
created,2025-01-24 11:39:28,1.175,0,0,0,.zip,0.0,0.583,0.737,1180.0,1860.0,0,0,11,True,True,True,0,15
modified,2025-01-24 11:39:28,0.0,0,0,3.41006969175638,.zip,7.976,0.833,0.733,236.0,1484.0,0,0,11,True,True,True,0,15
modified,2025-01-24 11:39:28,0.0,0,0,3.41006969175638,.zip,7.976,0.583,0.737,1180.0,1860.0,0,0,11,True,True,True,0,16
deleted,2025-01-24 11:39:28,0.017,0,0,0,.encrypted,0.0,0.583,0.737,1180.0,1860.0,0,0,11,True,True,True,0,17
deleted,2025-01-24 11:39:28,0.017,0,0,0,.encrypted,0.0,0.833,0.733,236.0,1484.0,0,0,11,True,True,True,0,16
deleted,2025-01-24 11:39:28,0.001,0,0,0,,0.0,0.833,0.733,236.0,1484.0,0,0,11,True,True,True,0,17
deleted,2025-01-24 11:39:28,0.001,0,0,0,,0.0,0.583,0.737,1180.0,1860.0,0,0,11,True,True,True,0,18
modified,2025-01-24 11:39:30,1.854,0,0,10.173527238122508,.encrypted,7.977,0.043,0.732,64.0,76.0,0,0,11,True,True,True,0,18
modified,2025-01-24 11:39:30,1.854,0,0,10.173527238122508,.encrypted,7.977,0.0,0.732,64.0,424.0,0,0,11,True,True,True,0,19
modified,2025-01-24 11:39:30,0.004,0,0,10.173527238122508,.encrypted,7.977,0.0,0.732,64.0,424.0,0,0,11,True,True,True,1,0
modified,2025-01-24 11:39:30,0.004,0,0,10.173527238122508,.encrypted,7.977,0.043,0.732,64.0,76.0,0,0,11,True,True,True,1,19
modified,2025-01-24 11:39:31,0.913,0,0,2.711494906650088,.encrypted,7.969,0.33299999999999996,0.736,0,352.0,0,0,11,True,True,True,1,1
modified,2025-01-24 11:39:31,0.016,0,0,2.711494906650088,.encrypted,7.969,0.33299999999999996,0.736,0,352.0,0,0,11,True,True,True,2,2
modified,2025-01-24 11:39:31,0.913,0,0,2.711494906650088,.encrypted,7.969,0.75,0.735,0,352.0,0,0,11,True,True,True,1,0
modified,2025-01-24 11:39:31,0.044,0,0,2.711494906650088,.encrypted,7.969,0.75,0.735,0,352.0,0,0,11,True,True,True,2,1
created,2025-01-24 11:39:34,3.067,0,0,0,.txt,0.0,0.385,0.741,0,204.0,0,0,11,True,True,True,2,2
created,2025-01-24 11:39:34,3.096,0,0,0,.txt,0.0,0.5,0.743,0,124.0,0,0,11,True,True,True,2,3
modified,2025-01-24 11:39:34,0.006,0,0,3.4905701304462013,.txt,5.996,0.5,0.743,0,124.0,0,0,11,True,True,True,2,4
modified,2025-01-24 11:39:34,0.006,0,0,3.4905701304462013,.txt,5.996,0.385,0.741,0,204.0,0,0,11,True,True,True,2,3
modified,2025-01-24 11:39:35,0.79,0,0,5.128458384146928,.encrypted,7.974,0.667,0.745,0,204.0,0,0,11,True,True,True,0,5
modified,2025-01-24 11:39:35,0.0,0,0,5.128458384146928,.encrypted,7.974,0.667,0.745,0,204.0,0,0,11,True,True,True,1,6
modified,2025-01-24 11:39:35,0.79,0,0,5.128458384146928,.encrypted,7.974,0.385,0.741,0,204.0,0,0,11,True,True,True,0,4
modified,2025-01-24 11:39:35,0.024,0,0,5.128458384146928,.encrypted,7.974,0.385,0.741,0,204.0,0,0,11,True,True,True,1,5
created,2025-01-24 11:39:37,2.556,0,0,0,.encrypted,7.978,0.0,0.736,0,108.0,0,0,11,True,True,True,1,7
modified,2025-01-24 11:39:37,0.003,0,0,3.4982508675278257,.encrypted,7.978,0.0,0.736,0,108.0,0,0,11,True,True,True,1,8
deleted,2025-01-24 11:39:37,0.002,0,0,0,.txt,0.0,0.0,0.736,0,108.0,0,0,11,True,True,True,1,9
created,2025-01-24 11:39:37,2.532,0,0,3.4982508675278257,.encrypted,7.978,0.0,0.736,0,108.0,0,0,11,True,True,True,1,6
modified,2025-01-24 11:39:37,0.007,0,0,3.4982508675278257,.encrypted,7.978,0.0,0.736,0,108.0,0,0,11,True,True,True,1,7
deleted,2025-01-24 11:39:37,0.007,0,0,0,.txt,0.0,0.0,0.736,0,108.0,0,0,11,True,True,True,1,8
created,2025-01-24 11:39:38,0.789,0,0,0,,0.0,0.185,0.7340000000000001,0,308.0,0,0,11,True,True,True,1,9
created,2025-01-24 11:39:38,0.798,0,0,0,,0.0,0.0,0.736,0,108.0,0,0,11,True,True,True,1,10
created,2025-01-24 11:39:38,0.004,0,0,3.1667154449664223,.txt,5.994,0.185,0.7340000000000001,0,308.0,0,0,11,True,True,True,1,10
created,2025-01-24 11:39:38,0.013,0,0,3.1667154449664223,.txt,5.994,0.0,0.736,0,108.0,0,0,11,True,True,True,1,11
modified,2025-01-24 11:39:38,0.012,0,0,3.1667154449664223,.txt,5.994,0.185,0.7340000000000001,0,308.0,0,0,11,True,True,True,1,11
modified,2025-01-24 11:39:38,0.005,0,0,3.1667154449664223,.txt,5.994,0.0,0.736,0,108.0,0,0,11,True,True,True,1,12
modified,2025-01-24 11:39:38,0.003,0,0,2.321928094887362,,0.0,0.0,0.736,0,108.0,0,0,11,True,True,True,1,13
modified,2025-01-24 11:39:38,0.004,0,0,2.321928094887362,,0.0,0.185,0.7340000000000001,0,308.0,0,0,11,True,True,True,1,12
created,2025-01-24 11:39:38,0.002,0,0,3.5185351389821804,.txt,5.993,0.0,0.736,0,108.0,0,0,11,True,True,True,1,14
created,2025-01-24 11:39:38,0.003,0,0,3.5185351389821804,.txt,5.993,0.185,0.7340000000000001,0,308.0,0,0,11,True,True,True,1,13
modified,2025-01-24 11:39:38,0.011,0,0,3.5185351389821804,.txt,5.993,0.0,0.736,0,108.0,0,0,11,True,True,True,1,15
modified,2025-01-24 11:39:38,0.011,0,0,3.5185351389821804,.txt,5.993,0.185,0.7340000000000001,0,308.0,0,0,11,True,True,True,1,14
modified,2025-01-24 11:39:38,0.003,0,0,2.321928094887362,,0.0,0.0,0.736,0,108.0,0,0,11,True,True,True,2,16
modified,2025-01-24 11:39:38,0.003,0,0,2.321928094887362,,0.0,0.185,0.7340000000000001,0,308.0,0,0,11,True,True,True,2,15
created,2025-01-24 11:39:38,0.002,0,0,3.876762490781555,.txt,0.0,0.0,0.736,0,108.0,0,0,11,True,True,True,2,17
created,2025-01-24 11:39:38,0.004,0,0,3.876762490781555,.txt,0.0,0.185,0.7340000000000001,0,308.0,0,0,11,True,True,True,2,16
modified,2025-01-24 11:39:38,0.012,0,0,0,.txt,0.0,0.0,0.736,0,108.0,0,0,11,True,True,True,2,18
modified,2025-01-24 11:39:38,0.009,0,0,0,.txt,0.0,0.185,0.7340000000000001,0,308.0,0,0,11,True,True,True,2,17
modified,2025-01-24 11:39:38,0.001,0,0,2.321928094887362,,0.0,0.0,0.736,0,108.0,0,0,11,True,True,True,3,19
modified,2025-01-24 11:39:38,0.002,0,0,2.321928094887362,,0.0,0.185,0.7340000000000001,0,308.0,0,0,11,True,True,True,3,18
created,2025-01-24 11:39:38,0.002,0,0,0,.txt,0.0,0.0,0.736,0,108.0,0,0,11,True,True,True,3,0
created,2025-01-24 11:39:38,0.002,0,0,0,.txt,0.0,0.185,0.7340000000000001,0,308.0,0,0,11,True,True,True,3,19
modified,2025-01-24 11:39:38,0.002,0,0,0,.txt,0.0,0.0,0.736,0,108.0,0,0,11,True,True,True,3,1
modified,2025-01-24 11:39:38,0.002,0,0,2.321928094887362,,0.0,0.0,0.736,0,108.0,0,0,11,True,True,True,4,2
modified,2025-01-24 11:39:38,0.002,0,0,0,.txt,0.0,0.185,0.7340000000000001,0,308.0,0,0,11,True,True,True,3,0
modified,2025-01-24 11:39:38,0.002,0,0,2.321928094887362,,0.0,0.185,0.7340000000000001,0,308.0,0,0,11,True,True,True,4,1
created,2025-01-24 11:39:38,0.001,0,0,4.409390936137702,.txt,0.0,0.0,0.736,0,108.0,0,0,11,True,True,True,4,3
created,2025-01-24 11:39:38,0.002,0,0,4.409390936137702,.txt,0.0,0.185,0.7340000000000001,0,308.0,0,0,11,True,True,True,4,2
modified,2025-01-24 11:39:38,0.007,0,0,0,.txt,0.0,0.0,0.736,0,108.0,0,0,11,True,True,True,4,4
modified,2025-01-24 11:39:38,0.006,0,0,0,.txt,0.0,0.185,0.7340000000000001,0,308.0,0,0,11,True,True,True,4,3
modified,2025-01-24 11:39:38,0.002,0,0,2.321928094887362,,0.0,0.0,0.736,0,108.0,0,0,11,True,True,True,5,5
modified,2025-01-24 11:39:38,0.001,0,0,2.321928094887362,,0.0,0.185,0.7340000000000001,0,308.0,0,0,11,True,True,True,5,4
created,2025-01-24 11:39:38,0.001,0,0,3.3533232911628965,.encrypted,7.98,0.0,0.736,1016.0,312.0,0,0,11,True,True,True,5,6
True,5,5
modified,2025-01-24 11:39:38,0.009,0,0,3.3533232911628965,.encrypted,7.98,0.185,0.7340000000000001,0,308.0,0,0,11,True,True,True,5,6
deleted,2025-01-24 11:39:38,0.003,0,0,0,.txt,0.0,0.185,0.7340000000000001,0,308.0,0,0,11,True,True,True,5,7
modified,2025-01-24 11:39:38,0.001,0,0,2.321928094887362,,0.0,0.185,0.7340000000000001,0,308.0,0,0,11,True,True,True,6,8
modified,2025-01-24 11:39:38,0.01,0,0,3.3533232911628965,.encrypted,7.98,0.759,0.7340000000000001,1016.0,312.0,0,0,11,True,True,True,5,7
created,2025-01-24 11:39:38,0.001,0,0,3.526068811667588,.encrypted,7.976,0.185,0.7340000000000001,0,308.0,0,0,11,True,True,True,6,9
modified,2025-01-24 11:39:38,0.009,0,0,3.526068811667588,.encrypted,7.976,0.185,0.7340000000000001,0,308.0,0,0,11,True,True,True,6,10
deleted,2025-01-24 11:39:38,0.003,0,0,0,.txt,0.0,0.185,0.7340000000000001,0,308.0,0,0,11,True,True,True,6,11
modified,2025-01-24 11:39:38,0.001,0,0,2.321928094887362,,0.0,0.185,0.7340000000000001,0,308.0,0,0,11,True,True,True,7,12
deleted,2025-01-24 11:39:38,0.015,0,0,0,.txt,0.0,0.759,0.7340000000000001,1016.0,312.0,0,0,11,True,True,True,5,8
modified,2025-01-24 11:39:38,0.004,0,0,2.321928094887362,,0.0,0.759,0.7340000000000001,1016.0,312.0,0,0,11,True,True,True,6,9
created,2025-01-24 11:39:38,0.001,0,0,3.526068811667588,.encrypted,7.976,0.759,0.7340000000000001,1016.0,312.0,0,0,11,True,True,True,6,10
modified,2025-01-24 11:39:38,0.002,0,0,3.526068811667588,.encrypted,7.976,0.759,0.7340000000000001,1016.0,312.0,0,0,11,True,True,True,6,11
created,2025-01-24 11:39:38,0.001,0,0,3.882643049361841,.encrypted,7.976,0.185,0.7340000000000001,0,308.0,0,0,11,True,True,True,7,13
deleted,2025-01-24 11:39:38,0.003,0,0,0,.txt,0.0,0.759,0.7340000000000001,1016.0,312.0,0,0,11,True,True,True,6,12
modified,2025-01-24 11:39:38,0.003,0,0,2.321928094887362,,0.0,0.759,0.7340000000000001,1016.0,312.0,0,0,11,True,True,True,7,13
modified,2025-01-24 11:39:38,0.008,0,0,3.882643049361841,.encrypted,7.976,0.185,0.7340000000000001,0,308.0,0,0,11,True,True,True,7,14
deleted,2025-01-24 11:39:38,0.004,0,0,0,.txt,0.0,0.185,0.7340000000000001,0,308.0,0,0,11,True,True,True,7,15
created,2025-01-24 11:39:38,0.002,0,0,3.882643049361841,.encrypted,7.976,0.759,0.7340000000000001,1016.0,312.0,0,0,11,True,True,True,7,14
modified,2025-01-24 11:39:38,0.001,0,0,2.321928094887362,,0.0,0.185,0.7340000000000001,0,308.0,0,0,11,True,True,True,8,16
modified,2025-01-24 11:39:38,0.002,0,0,3.882643049361841,.encrypted,7.976,0.759,0.7340000000000001,1016.0,312.0,0,0,11,True,True,True,7,15
deleted,2025-01-24 11:39:38,0.003,0,0,0,.txt,0.0,0.759,0.7340000000000001,1016.0,312.0,0,0,11,True,True,True,7,16
modified,2025-01-24 11:39:38,0.001,0,0,2.321928094887362,,0.0,0.759,0.7340000000000001,1016.0,312.0,0,0,11,True,True,True,8,17
created,2025-01-24 11:39:38,0.002,0,0,3.1747259877061333,.encrypted,7.978,0.185,0.7340000000000001,0,308.0,0,0,11,True,True,True,8,17
created,2025-01-24 11:39:38,0.001,0,0,3.1747259877061333,.encrypted,7.978,0.759,0.7340000000000001,1016.0,312.0,0,0,11,True,True,True,8,18
modified,2025-01-24 11:39:38,0.024,0,0,3.1747259877061333,.encrypted,7.978,0.185,0.7340000000000001,0,308.0,0,0,11,True,True,True,8,18
modified,2025-01-24 11:39:38,0.021,0,0,3.1747259877061333,.encrypted,7.978,0.759,0.7340000000000001,1016.0,312.0,0,0,11,True,True,True,8,19
deleted,2025-01-24 11:39:38,0.003,0,0,0,.txt,0.0,0.185,0.7340000000000001,0,308.0,0,0,11,True,True,True,8,19
deleted,2025-01-24 11:39:38,0.002,0,0,0,.txt,0.0,0.759,0.7340000000000001,1016.0,312.0,0,0,11,True,True,True,8,0
modified,2025-01-24 11:39:38,0.001,0,0,2.321928094887362,,0.0,0.185,0.7340000000000001,0,308.0,0,0,11,True,True,True,9,0
modified,2025-01-24 11:39:38,0.002,0,0,2.321928094887362,,0.0,0.759,0.7340000000000001,1016.0,312.0,0,0,11,True,True,True,9,1
created,2025-01-24 11:39:38,0.001,0,0,4.412781525338476,.encrypted,7.978,0.759,0.7340000000000001,1016.0,312.0,0,0,11,True,True,True,9,2
created,2025-01-24 11:39:38,0.001,0,0,4.412781525338476,.encrypted,7.978,0.185,0.7340000000000001,0,308.0,0,0,11,True,True,True,9,1
modified,2025-01-24 11:39:38,0.007,0,0,4.412781525338476,.encrypted,7.978,0.759,0.7340000000000001,1016.0,312.0,0,0,11,True,True,True,9,3
deleted,2025-01-24 11:39:38,0.003,0,0,0,.txt,0.0,0.759,0.7340000000000001,1016.0,312.0,0,0,11,True,True,True,9,4
modified,2025-01-24 11:39:38,0.012,0,0,4.412781525338476,.encrypted,7.978,0.185,0.7340000000000001,0,308.0,0,0,11,True,True,True,9,2
deleted,2025-01-24 11:39:38,0.003,0,0,0,.txt,0.0,0.185,0.7340000000000001,0,308.0,0,0,11,True,True,True,9,3
modified,2025-01-24 11:39:38,0.01,0,0,2.321928094887362,,0.0,0.759,0.7340000000000001,1016.0,312.0,0,0,11,True,True,True,10,5
modified,2025-01-24 11:39:38,0.006,0,0,2.321928094887362,,0.0,0.185,0.7340000000000001,0,308.0,0,0,11,True,True,True,10,4
created,2025-01-24 11:39:40,1.288,0,0,0,.txt,0.0,0.643,0.74,172.0,640.0,0,0,11,True,True,True,10,6
created,2025-01-24 11:39:40,1.288,0,0,0,.txt,5.992,0.261,0.747,1188.0,644.0,0,0,11,True,True,True,10,5
modified,2025-01-24 11:39:40,0.002,0,0,3.150559676575381,.txt,5.992,0.643,0.74,172.0,640.0,0,0,11,True,True,True,10,7
modified,2025-01-24 11:39:40,0.008,0,0,3.150559676575381,.txt,5.992,0.261,0.747,1188.0,644.0,0,0,11,True,True,True,10,6
created,2025-01-24 11:39:41,1.711,0,0,0,,0.0,0.5379999999999999,0.745,0,164.0,0,0,11,True,True,True,10,8
created,2025-01-24 11:39:41,1.705,0,0,0,,0.0,0.7240000000000001,0.746,0,4.0,0,0,11,True,True,True,10,7
created,2025-01-24 11:39:41,0.002,0,0,3.176322772640463,.txt,5.994,0.5379999999999999,0.745,0,164.0,0,0,11,True,True,True,10,9
modified,2025-01-24 11:39:41,0.018,0,0,4.739308070860385,.txt,5.994,0.5379999999999999,0.745,0,164.0,0,0,11,True,True,True,10,10
created,2025-01-24 11:39:41,0.004,0,0,4.739308070860385,.txt,5.994,0.7240000000000001,0.746,0,4.0,0,0,11,True,True,True,10,8
modified,2025-01-24 11:39:41,0.003,0,0,0,,0.0,0.5379999999999999,0.745,0,164.0,0,0,11,True,True,True,10,11
modified,2025-01-24 11:39:41,0.019,0,0,4.739308070860385,.txt,5.994,0.7240000000000001,0.746,0,4.0,0,0,11,True,True,True,10,9
modified,2025-01-24 11:39:41,0.004,0,0,0,,0.0,0.7240000000000001,0.746,0,4.0,0,0,11,True,True,True,10,10
created,2025-01-24 11:39:41,0.001,0,0,4.622930350920177,.txt,5.993,0.7240000000000001,0.746,0,4.0,0,0,11,True,True,True,10,11
created,2025-01-24 11:39:41,0.001,0,0,4.622930350920177,.txt,5.993,0.5379999999999999,0.745,0,164.0,0,0,11,True,True,True,10,12
modified,2025-01-24 11:39:41,0.004,0,0,4.622930350920177,.txt,5.993,0.7240000000000001,0.746,0,4.0,0,0,11,True,True,True,10,12
modified,2025-01-24 11:39:41,0.008,0,0,4.622930350920177,.txt,5.993,0.5379999999999999,0.745,0,164.0,0,0,11,True,True,True,10,13
modified,2025-01-24 11:39:41,0.002,0,0,0,,0.0,0.7240000000000001,0.746,0,4.0,0,0,11,True,True,True,11,13
modified,2025-01-24 11:39:41,0.002,0,0,0,,0.0,0.5379999999999999,0.745,0,164.0,0,0,11,True,True,True,11,14
created,2025-01-24 11:39:41,0.002,0,0,5.256633295059924,.txt,5.992,0.5379999999999999,0.745,0,164.0,0,0,11,True,True,True,11,15
created,2025-01-24 11:39:41,0.001,0,0,5.256633295059924,.txt,5.992,0.7240000000000001,0.746,0,4.0,0,0,11,True,True,True,11,14
modified,2025-01-24 11:39:41,0.008,0,0,5.256633295059924,.txt,5.992,0.7240000000000001,0.746,0,4.0,0,0,11,True,True,True,11,15
modified,2025-01-24 11:39:41,0.006,0,0,5.256633295059924,.txt,5.992,0.5379999999999999,0.745,0,164.0,0,0,11,True,True,True,11,16
modified,2025-01-24 11:39:41,0.003,0,0,0,,0.0,0.5379999999999999,0.745,0,164.0,0,0,11,True,True,True,12,17
modified,2025-01-24 11:39:41,0.002,0,0,0,,0.0,0.7240000000000001,0.746,0,4.0,0,0,11,True,True,True,12,16
created,2025-01-24 11:39:41,0.002,0,0,4.5915597458278015,.txt,5.994,0.5379999999999999,0.745,0,164.0,0,0,11,True,True,True,12,18
created,2025-01-24 11:39:41,0.002,0,0,4.5915597458278015,.txt,5.994,0.7240000000000001,0.746,0,4.0,0,0,11,True,True,True,12,17
modified,2025-01-24 11:39:41,0.008,0,0,4.739308070860385,.txt,5.994,0.5379999999999999,0.745,0,164.0,0,0,11,True,True,True,13,19
modified,2025-01-24 11:39:41,0.009,0,0,4.739308070860385,.txt,5.994,0.7240000000000001,0.746,0,4.0,0,0,11,True,True,True,13,18
modified,2025-01-24 11:39:41,0.003,0,0,4.5915597458278015,.txt,5.994,0.5379999999999999,0.745,0,164.0,0,0,11,True,True,True,13,0
modified,2025-01-24 11:39:41,0.002,0,0,4.5915597458278015,.txt,5.994,0.7240000000000001,0.746,0,4.0,0,0,11,True,True,True,13,19
modified,2025-01-24 11:39:41,0.136,0,0,0,,0.0,0.769,0.7440000000000001,644.0,340.0,0,0,11,True,True,True,14,0
modified,2025-01-24 11:39:41,0.136,0,0,0,,0.0,0.5379999999999999,0.745,0,164.0,0,0,11,True,True,True,14,1
created,2025-01-24 11:39:43,1.53,0,0,3.1602748314085933,.encrypted,7.977,0.364,0.753,684.0,560.0,0,0,11,True,True,True,14,2
created,2025-01-24 11:39:43,1.53,0,0,3.1602748314085933,.encrypted,7.977,0.483,0.745,40.0,380.0,0,0,11,True,True,True,14,1
modified,2025-01-24 11:39:43,0.01,0,0,3.1602748314085933,.encrypted,7.977,0.364,0.753,684.0,560.0,0,0,11,True,True,True,14,3
deleted,2025-01-24 11:39:43,0.002,0,0,0,.txt,0.0,0.364,0.753,684.0,560.0,0,0,11,True,True,True,14,4
modified,2025-01-24 11:39:43,0.01,0,0,3.1602748314085933,.encrypted,7.977,0.483,0.745,40.0,380.0,0,0,11,True,True,True,14,2
deleted,2025-01-24 11:39:43,0.004,0,0,0,.txt,0.0,0.483,0.745,40.0,380.0,0,0,11,True,True,True,14,3
created,2025-01-24 11:39:43,0.004,0,0,4.742545233866053,.encrypted,7.975,0.483,0.745,40.0,380.0,0,0,11,True,True,True,14,4
created,2025-01-24 11:39:43,0.002,0,0,4.742545233866053,.encrypted,7.975,0.364,0.753,684.0,560.0,0,0,11,True,True,True,14,5
modified,2025-01-24 11:39:43,0.01,0,0,4.742545233866053,.encrypted,7.975,0.364,0.753,684.0,560.0,0,0,11,True,True,True,14,6
modified,2025-01-24 11:39:43,0.007,0,0,4.742545233866053,.encrypted,7.975,0.483,0.745,40.0,380.0,0,0,11,True,True,True,14,5
deleted,2025-01-24 11:39:43,0.004,0,0,0,.txt,0.0,0.364,0.753,684.0,560.0,0,0,11,True,True,True,14,7
deleted,2025-01-24 11:39:43,0.004,0,0,0,.txt,0.0,0.483,0.745,40.0,380.0,0,0,11,True,True,True,14,6
modified,2025-01-24 11:39:43,0.001,0,0,2.321928094887362,,0.0,0.364,0.753,684.0,560.0,0,0,11,True,True,True,0,8
modified,2025-01-24 11:39:43,0.002,0,0,2.321928094887362,,0.0,0.483,0.745,40.0,380.0,0,0,11,True,True,True,0,7
created,2025-01-24 11:39:43,0.001,0,0,4.595145567990858,.encrypted,7.977,0.483,0.745,40.0,380.0,0,0,11,True,True,True,0,8
created,2025-01-24 11:39:43,0.001,0,0,4.595145567990858,.encrypted,7.977,0.364,0.753,684.0,560.0,0,0,11,True,True,True,0,9
modified,2025-01-24 11:39:43,0.006,0,0,4.595145567990858,.encrypted,7.977,0.483,0.745,40.0,380.0,0,0,11,True,True,True,0,9
modified,2025-01-24 11:39:43,0.007,0,0,4.595145567990858,.encrypted,7.977,0.364,0.753,684.0,560.0,0,0,11,True,True,True,0,10
deleted,2025-01-24 11:39:43,0.002,0,0,0,.txt,0.0,0.483,0.745,40.0,380.0,0,0,11,True,True,True,0,10
deleted,2025-01-24 11:39:43,0.003,0,0,0,.txt,0.0,0.364,0.753,684.0,560.0,0,0,11,True,True,True,0,11
modified,2025-01-24 11:39:43,0.002,0,0,2.321928094887362,,0.0,0.483,0.745,40.0,380.0,0,0,11,True,True,True,1,11
modified,2025-01-24 11:39:43,0.001,0,0,2.321928094887362,,0.0,0.364,0.753,684.0,560.0,0,0,11,True,True,True,1,12
created,2025-01-24 11:39:43,0.001,0,0,4.625854931368057,.encrypted,7.978,0.364,0.753,684.0,560.0,0,0,11,True,True,True,1,13
created,2025-01-24 11:39:43,0.001,0,0,4.625854931368057,.encrypted,7.978,0.483,0.745,40.0,380.0,0,0,11,True,True,True,1,12
modified,2025-01-24 11:39:43,0.009,0,0,4.625854931368057,.encrypted,7.978,0.483,0.745,40.0,380.0,0,0,11,True,True,True,1,13
deleted,2025-01-24 11:39:43,0.002,0,0,0,.txt,0.0,0.483,0.745,40.0,380.0,0,0,11,True,True,True,1,14
modified,2025-01-24 11:39:43,0.001,0,0,2.321928094887362,,0.0,0.483,0.745,40.0,380.0,0,0,11,True,True,True,2,15
modified,2025-01-24 11:39:43,0.009,0,0,4.625854931368057,.encrypted,7.978,0.364,0.753,684.0,560.0,0,0,11,True,True,True,1,14
created,2025-01-24 11:39:43,0.0,0,0,5.258518924711301,.encrypted,7.98,0.483,0.745,40.0,380.0,0,0,11,True,True,True,2,16
modified,2025-01-24 11:39:43,0.007,0,0,5.258518924711301,.encrypted,7.98,0.483,0.745,40.0,380.0,0,0,11,True,True,True,2,17
deleted,2025-01-24 11:39:43,0.01,0,0,0,.txt,0.0,0.364,0.753,684.0,560.0,0,0,11,True,True,True,1,15
deleted,2025-01-24 11:39:43,0.003,0,0,0,.txt,0.0,0.483,0.745,40.0,380.0,0,0,11,True,True,True,2,18
modified,2025-01-24 11:39:43,0.003,0,0,2.321928094887362,,0.0,0.364,0.753,684.0,560.0,0,0,11,True,True,True,2,16
created,2025-01-24 11:39:43,0.002,0,0,5.258518924711301,.encrypted,7.98,0.364,0.753,684.0,560.0,0,0,11,True,True,True,2,17
modified,2025-01-24 11:39:43,0.002,0,0,5.258518924711301,.encrypted,7.98,0.364,0.753,684.0,560.0,0,0,11,True,True,True,2,18
deleted,2025-01-24 11:39:43,0.002,0,0,0,.txt,0.0,0.364,0.753,684.0,560.0,0,0,11,True,True,True,2,19
modified,2025-01-24 11:39:43,0.062,0,0,2.321928094887362,,0.0,0.364,0.753,684.0,560.0,0,0,11,True,True,True,3,0
modified,2025-01-24 11:39:43,0.068,0,0,2.321928094887362,,0.0,0.483,0.745,40.0,380.0,0,0,11,True,True,True,3,19
created,2025-01-24 11:39:47,4.36,0,0,3.534808661231747,.encrypted,7.975,0.25,0.74,0,4.0,0,0,11,True,True,True,3,1
modified,2025-01-24 11:39:47,0.012,0,0,3.534808661231747,.encrypted,7.975,0.25,0.74,0,4.0,0,0,11,True,True,True,3,2
deleted,2025-01-24 11:39:47,0.004,0,0,0,.encrypted,0.0,0.25,0.74,0,4.0,0,0,11,True,True,True,3,3
created,2025-01-24 11:39:47,4.36,0,0,3.534808661231747,.encrypted,7.975,0.28600000000000003,0.7490000000000001,0,180.0,0,0,11,True,True,True,3,0
modified,2025-01-24 11:39:47,0.026,0,0,3.534808661231747,.encrypted,7.975,0.28600000000000003,0.7490000000000001,0,180.0,0,0,11,True,True,True,3,1
deleted,2025-01-24 11:39:47,0.003,0,0,0,.encrypted,0.0,0.28600000000000003,0.7490000000000001,0,180.0,0,0,11,True,True,True,3,2
modified,2025-01-24 11:39:50,2.206,0,0,5.068240861312821,.encrypted,7.977,0.423,0.747,0,188.0,0,0,11,True,True,True,0,4
modified,2025-01-24 11:39:50,2.193,0,0,5.068240861312821,.encrypted,7.977,0.429,0.75,0,188.0,0,0,11,True,True,True,0,3
modified,2025-01-24 11:39:50,0.006,0,0,5.068240861312821,.encrypted,7.977,0.423,0.747,0,188.0,0,0,11,True,True,True,1,5
modified,2025-01-24 11:39:50,0.006,0,0,5.068240861312821,.encrypted,7.977,0.429,0.75,0,188.0,0,0,11,True,True,True,1,4
created,2025-01-24 11:39:53,3.282,0,0,4.595145567990858,.encrypted,7.977,0.429,0.741,48.0,188.0,0,0,11,True,True,True,1,5
created,2025-01-24 11:39:53,3.282,0,0,4.595145567990858,.encrypted,7.977,0.16699999999999998,0.741,48.0,188.0,0,0,11,True,True,True,1,6
modified,2025-01-24 11:39:53,0.01,0,0,4.595145567990858,.encrypted,7.977,0.429,0.741,48.0,188.0,0,0,11,True,True,True,1,6
rue,True,1,7
deleted,2025-01-24 11:39:53,0.008,0,0,0,.encrypted,0.0,0.16699999999999998,0.741,48.0,188.0,0,0,11,True,True,True,1,8
deleted,2025-01-24 11:39:53,0.008,0,0,0,.encrypted,0.0,0.429,0.741,48.0,188.0,0,0,11,True,True,True,1,7
created,2025-01-24 11:39:54,1.248,0,0,3.4841381312016693,.encrypted,7.979,0.133,0.74,15.5,92.0,0,0,11,True,True,True,1,8
created,2025-01-24 11:39:54,1.248,0,0,3.4841381312016693,.encrypted,7.979,0.07400000000000001,0.741,15.5,92.0,0,0,11,True,True,True,1,9
modified,2025-01-24 11:39:54,0.009,0,0,3.4841381312016693,.encrypted,7.979,0.133,0.74,15.5,92.0,0,0,11,True,True,True,1,9
modified,2025-01-24 11:39:54,0.009,0,0,3.4841381312016693,.encrypted,7.979,0.07400000000000001,0.741,15.5,92.0,0,0,11,True,True,True,1,10
deleted,2025-01-24 11:39:54,0.002,0,0,0,.encrypted,0.0,0.133,0.74,15.5,92.0,0,0,11,True,True,True,1,10
deleted,2025-01-24 11:39:54,0.002,0,0,0,.encrypted,0.0,0.07400000000000001,0.741,15.5,92.0,0,0,11,True,True,True,1,11
created,2025-01-24 11:39:57,2.872,0,0,0,.encrypted,7.982,0.517,0.7440000000000001,0,412.0,0,0,11,True,True,True,1,12
modified,2025-01-24 11:39:57,0.01,0,0,5.187846909439575,.encrypted,7.982,0.517,0.7440000000000001,0,412.0,0,0,11,True,True,True,1,13
deleted,2025-01-24 11:39:57,0.004,0,0,0,.encrypted,0.0,0.517,0.7440000000000001,0,412.0,0,0,11,True,True,True,1,14
created,2025-01-24 11:39:57,2.872,0,0,5.187846909439575,.encrypted,7.982,0.519,0.748,0,144.0,0,0,11,True,True,True,1,11
modified,2025-01-24 11:39:57,0.018,0,0,5.187846909439575,.encrypted,7.982,0.519,0.748,0,144.0,0,0,11,True,True,True,1,12
deleted,2025-01-24 11:39:57,0.003,0,0,0,.encrypted,0.0,0.519,0.748,0,144.0,0,0,11,True,True,True,1,13
created,2025-01-24 11:39:59,1.535,0,0,0,.zip,0.0,0.708,0.746,48.0,240.0,0,0,11,True,True,True,1,14
created,2025-01-24 11:39:59,1.543,0,0,0,.zip,0.0,0.32,0.746,0,376.0,0,0,11,True,True,True,1,15
modified,2025-01-24 11:39:59,0.008,0,0,6.800123352826528,.zip,7.975,0.32,0.746,0,376.0,0,0,11,True,True,True,1,16
modified,2025-01-24 11:39:59,0.008,0,0,6.800123352826528,.zip,7.975,0.708,0.746,48.0,240.0,0,0,11,True,True,True,1,15
deleted,2025-01-24 11:39:59,0.012,0,0,0,.encrypted,0.0,0.32,0.746,0,376.0,0,0,11,True,True,True,1,17
deleted,2025-01-24 11:39:59,0.012,0,0,0,.encrypted,0.0,0.708,0.746,48.0,240.0,0,0,11,True,True,True,1,16
deleted,2025-01-24 11:39:59,0.002,0,0,0,.encrypted,0.0,0.32,0.746,0,376.0,0,0,11,True,True,True,1,18
deleted,2025-01-24 11:39:59,0.002,0,0,0,.encrypted,0.0,0.708,0.746,48.0,240.0,0,0,11,True,True,True,1,17
deleted,2025-01-24 11:39:59,0.002,0,0,0,.encrypted,0.0,0.32,0.746,0,376.0,0,0,11,True,True,True,1,19
deleted,2025-01-24 11:39:59,0.002,0,0,0,.encrypted,0.0,0.708,0.746,48.0,240.0,0,0,11,True,True,True,1,18
deleted,2025-01-24 11:39:59,0.001,0,0,0,.encrypted,0.0,0.32,0.746,0,376.0,0,0,11,True,True,True,1,0
deleted,2025-01-24 11:39:59,0.002,0,0,0,.encrypted,0.0,0.708,0.746,48.0,240.0,0,0,11,True,True,True,1,19
deleted,2025-01-24 11:39:59,0.002,0,0,0,,0.0,0.32,0.746,0,376.0,0,0,11,True,True,True,1,1
deleted,2025-01-24 11:39:59,0.001,0,0,0,,0.0,0.708,0.746,48.0,240.0,0,0,11,True,True,True,1,0
modified,2025-01-24 11:40:01,1.937,0,0,5.128458384146928,.encrypted,7.974,0.12,0.737,24.0,680.0,0,0,11,True,True,True,0,2
modified,2025-01-24 11:40:01,0.006,0,0,5.128458384146928,.encrypted,7.974,0.12,0.737,24.0,680.0,0,0,11,True,True,True,1,3
modified,2025-01-24 11:40:01,1.937,0,56,5.128458384146928,.encrypted,7.974,0.154,0.737,24.0,676.0,0,0,11,True,True,True,0,1
modified,2025-01-24 11:40:01,0.012,0,0,5.128458384146928,.encrypted,7.974,0.154,0.737,24.0,676.0,0,0,11,True,True,True,1,2
created,2025-01-24 11:40:02,1.012,0,0,3.899175630480513,.zip,7.979,0.64,0.74,48.0,244.0,0,0,11,True,True,True,1,4
modified,2025-01-24 11:40:02,0.029,0,0,3.899175630480513,.zip,7.979,0.64,0.74,48.0,244.0,0,0,11,True,True,True,1,5
deleted,2025-01-24 11:40:02,0.008,0,0,0,.encrypted,0.0,0.64,0.74,48.0,244.0,0,0,11,True,True,True,1,6
deleted,2025-01-24 11:40:02,0.01,0,0,0,,0.0,0.64,0.74,48.0,244.0,0,0,11,True,True,True,1,7
created,2025-01-24 11:40:02,1.006,0,0,3.899175630480513,.zip,7.979,0.46399999999999997,0.7390000000000001,48.0,244.0,0,0,11,True,True,True,1,3
modified,2025-01-24 11:40:02,0.051,0,0,3.899175630480513,.zip,7.979,0.46399999999999997,0.7390000000000001,48.0,244.0,0,0,11,True,True,True,1,4
deleted,2025-01-24 11:40:02,0.005,0,0,0,.encrypted,0.0,0.46399999999999997,0.7390000000000001,48.0,244.0,0,0,11,True,True,True,1,5
deleted,2025-01-24 11:40:02,0.002,0,0,0,,0.0,0.46399999999999997,0.7390000000000001,48.0,244.0,0,0,11,True,True,True,1,6
created,2025-01-24 11:40:03,1.332,0,0,0,.txt,0.0,0.792,0.747,64.0,264.0,0,0,11,True,True,True,1,7
created,2025-01-24 11:40:03,1.344,0,0,0,.txt,0.0,0.68,0.7390000000000001,64.0,264.0,0,0,11,True,True,True,1,8
modified,2025-01-24 11:40:03,0.005,0,0,4.85897561429202,.txt,5.991,0.68,0.7390000000000001,64.0,264.0,0,0,11,True,True,True,1,9
modified,2025-01-24 11:40:03,0.005,0,0,4.85897561429202,.txt,5.991,0.792,0.747,64.0,264.0,0,0,11,True,True,True,1,8
created,2025-01-24 11:40:04,1.342,0,0,4.86195536414487,.encrypted,7.978,0.318,0.7440000000000001,48.0,188.0,0,0,11,True,True,True,1,9
created,2025-01-24 11:40:04,1.342,0,0,4.86195536414487,.encrypted,7.978,0.667,0.7440000000000001,48.0,348.0,0,0,11,True,True,True,1,10
modified,2025-01-24 11:40:04,0.012,0,0,4.86195536414487,.encrypted,7.978,0.318,0.7440000000000001,48.0,188.0,0,0,11,True,True,True,1,10
deleted,2025-01-24 11:40:04,0.002,0,0,0,.txt,0.0,0.318,0.7440000000000001,48.0,188.0,0,0,11,True,True,True,1,11
modified,2025-01-24 11:40:04,0.014,0,0,4.86195536414487,.encrypted,7.978,0.667,0.7440000000000001,48.0,348.0,0,0,11,True,True,True,1,11
deleted,2025-01-24 11:40:04,0.007,0,0,0,.txt,0.0,0.667,0.7440000000000001,48.0,348.0,0,0,11,True,True,True,1,12
created,2025-01-24 11:40:06,1.279,0,0,4.595145567990858,.encrypted,7.98,0.893,0.7490000000000001,80.0,432.0,0,0,11,True,True,True,1,13
created,2025-01-24 11:40:06,1.286,0,72,4.595145567990858,.encrypted,7.98,0.667,0.741,48.0,432.0,0,0,11,True,True,True,1,12
modified,2025-01-24 11:40:06,0.01,0,0,4.595145567990858,.encrypted,7.98,0.893,0.7490000000000001,80.0,432.0,0,0,11,True,True,True,1,14
modified,2025-01-24 11:40:06,0.01,0,0,4.595145567990858,.encrypted,7.98,0.667,0.741,48.0,432.0,0,0,11,True,True,True,1,13
deleted,2025-01-24 11:40:06,0.004,0,0,0,.encrypted,0.0,0.893,0.7490000000000001,80.0,432.0,0,0,11,True,True,True,1,15
deleted,2025-01-24 11:40:06,0.005,0,0,0,.encrypted,0.0,0.667,0.741,48.0,432.0,0,0,11,True,True,True,1,14
